ID,FIRST_NAME,LAST_NAME,EMAIL,DOB,AGE,LASTTRANSACTION,DAYSSINCELASTTRANS,COMPANY,PHONE,ADDRESS,POSTALZIP,REGION,COUNTRY
7," Dominique V.",Mayer,ipsum.phasellus@aol.edu,1997-11-27,26,2022-09-01,322,Iaculis Quis Corporation,63171546824,"P.O. Box 443, 6497 Elementum, Rd.",374482,Kaluga Oblast,China
10," Reece S.",Alford,vel@outlook.edu,1967-10-20,56,2022-07-18,367,Amet Corporation,903069949880,"P.O. Box 427, 691 Vel Av.",43021,Sumy oblast,Turkey
27," Alec N.",Brock,enim.nunc.ut@yahoo.couk,1999-12-30,24,2022-10-01,292,Nec Ante Blandit Company,551366269750,597-548 Egestas. Rd.,2892,Vorarlberg,Brazil
4," Nasim Z.",Bennett,elementum.sem@hotmail.org,1951-10-21,72,2021-12-21,576,Cursus Diam At Ltd,47169772165,Ap #138-7239 Integer St.,4114 DC,Mexico City,Norway
1," Alisa T.",Kline,tempor.bibendum@yahoo.ca,1996-02-10,27,2022-09-21,302,N/A,448454643,Ap #671-8278 Nec St.,8386-3377,Pernambuco,United Kingdom
22," Cameron D.",Kirby,nunc@hotmail.com,1989-12-01,34,2022-10-22,271,Suspendisse Foundation,1800473297,5034 Lacus. Rd.,95804,Khyber Pakhtoonkhwa,United States
44," Cameron D.",Kirby,nunc@hotmail.com,1989-12-01,34,2022-10-22,271,Suspendisse Foundation,1800473297,5034 Lacus. Rd.,95804,Khyber Pakhtoonkhwa,United States
33," Nora Y.",Huber,noray32@yahoo.org,1999-12-23,24,2022-05-29,417,LETNI,481515895743,Ap 10 Dignissim. Rd.,65-168,Santa Catarina,Poland
8," Len F.",Whitfield,quisque.fringilla@protonmail.org,1975-07-19,48,2022-10-12,281,Nec Ante Institute,521375483625,Ap #246-753 Arcu. Avenue,Y2L 5R6,Akwa Ibom,Mexico
5," Alec N.",Brock,enim.nunc.ut@yahoo.couk,1999-12-30,24,2022-10-01,292,Nec Ante Blandit Company,551366269750,597-548 Egestas. Rd.,2892,Vorarlberg,Brazil
32," Reece S.",Alford,vel@outlook.edu,1967-10-20,56,2022-07-18,367,Amet Corporation,903069949880,"P.O. Box 427, 691 Vel Av.",43021,Sumy oblast,Turkey
21," Gil U.",Small,id.risus@google.ca,1994-03-17,29,2022-09-22,301,Aliquam Gravida Associates,317042618694,906-9695 Velit. Street,36362,Emilia-Romagna,Netherlands
20," Quinlan Z.",Sandoval,ut@protonmail.edu,2000-05-14,23,2022-10-12,281,Suspendisse Foundation,15567878637,166-7842 Eget Road,537423,Huádōng,United States
24," Kaitlin T.",Whitney,sapien@yahoo.org,1969-01-23,54,2022-03-15,492,N/A,481513245743,Ap #972-5338 Dignissim. Rd.,65-168,Santa Catarina,Poland
29," Dominique V.",Mayer,ipsum.phasellus@aol.edu,1997-11-27,26,2022-09-01,322,Iaculis Quis Corporation,63171546824,"P.O. Box 443, 6497 Elementum, Rd.",374482,Kaluga Oblast,China
6," Lane H.",Golden,lacus.varius@outlook.net,1970-09-12,53,2022-10-01,292,Risus Associates,638811661136,518-7417 Arcu Av.,82454,San José,Philippines
42," Quinlan Z.",Sandoval,ut@protonmail.edu,2000-05-14,23,2022-10-12,281,Suspendisse Foundation,15567878637,166-7842 Eget Road,537423,Huádōng,United States
11," Nora Y.",Huber,noray32@yahoo.org,1999-12-23,24,2022-05-29,417,LETNI,481515895743,Ap 10 Dignissim. Rd.,65-168,Santa Catarina,Poland
26," Nasim Z.",Bennett,elementum.sem@hotmail.org,1951-10-21,72,2021-12-21,576,Cursus Diam At Ltd,47169772165,Ap #138-7239 Integer St.,4114 DC,Mexico City,Norway
23," Alisa T.",Kline,tempor.bibendum@yahoo.ca,1996-02-10,27,2022-09-21,302,N/A,448454643,Ap #671-8278 Nec St.,8386-3377,Pernambuco,United Kingdom
2," Kaitlin T.",Whitney,sapien@yahoo.org,1969-01-23,54,2022-03-15,492,N/A,481513245743,Ap #972-5338 Dignissim. Rd.,65-168,Santa Catarina,Poland
31," Angelica E.",Hyde,odio.aliquam@hotmail.edu,1951-01-31,72,2022-06-19,396,Magna Limited,445508611528,Ap #671-6622 Feugiat Road,1898-8474,Hatay,United Kingdom
30," Len F.",Whitfield,quisque.fringilla@protonmail.org,1975-07-19,48,2022-10-12,281,Nec Ante Institute,521375483625,Ap #246-753 Arcu. Avenue,Y2L 5R6,Akwa Ibom,Mexico
43," Gil U.",Small,id.risus@google.ca,1994-03-17,29,2022-09-22,301,Aliquam Gravida Associates,317042618694,906-9695 Velit. Street,36362,Emilia-Romagna,Netherlands
9," Angelica E.",Hyde,odio.aliquam@hotmail.edu,1951-01-31,72,2022-06-19,396,Magna Limited,445508611528,Ap #671-6622 Feugiat Road,1898-8474,Hatay,United Kingdom
28," Lane H.",Golden,lacus.varius@outlook.net,1970-09-12,53,2022-10-01,292,Risus Associates,638811661136,518-7417 Arcu Av.,82454,San José,Philippines
